chrm	pos	ref_allele	alt_allele	var_type	f_mean_len	f_mean_tlen	f_p_softclip	f_mean_mapq	f_mean_mm	f_p_ins	f_p_del	f_mean_readend	f_std_start	f_std_end	f_p_matemapped	f_directionality	f_p_normal	f_p_XA	f_mean_XS	f_map
1	201206823	G	A	SNP	148.0	151.88888888888889	0.2222222222222222	23.666666666666668	19.77777777777778	0.0	0.7777777777777778	14.88888888888889	41.03995343293871	47.948178044403086	1.0	0.0		0.0	89.55555555555556	0.000253385
1	201209319	T	C	SNP	103.2	103.6	0.0	40.8	1.8	0.0	0.0	47.2	18.40652058374966	9.44986772394196	1.0	0.0		0.0	89.2	0.07887477939
1	201226655	T	C	SNP		1000.0										0.0				0.1192782278
1	201441989	G	C	SNP	146.92857142857142	293.7142857142857	0.21428571428571427	60.0	2.642857142857143	0.5714285714285714	0.0	38.142857142857146	40.71213605275486	42.02125312607555	1.0	-4.3474742531672215		0.0	40.92857142857143	0.04013550823
1	201942192	C	G	SNP	149.66666666666666	324.6666666666667	0.3333333333333333	60.0	2.3333333333333335	0.0	0.0	29.333333333333332	46.65118790913403	59.57348403442592	1.0	0.0		0.0	48.333333333333336	0.1189538824
1	202014316	G	A	SNP	150.0	210.33333333333334	0.0	60.0	1.3333333333333333	0.0	0.0	29.0	12.489995996796797	12.489995996796797	1.0	-1.3862943611198906		0.0	39.0	0.5675437895
1	203844089	G	T	SNP	134.0	134.0	0.0	60.0	2.0	0.0	0.0	61.0	0.0	0.0	1.0	0.0		0.0	85.0	0.05852499047
1	203994039	C	A	SNP	137.71794871794873	231.51282051282053	0.0	60.0	1.1538461538461537	0.0	0.0	35.38461538461539	43.99134990423414	40.929203878092565	1.0	-1.0883145868979829		0.0	58.35897435897436	0.07658140144
1	204180707	T	A	SNP	150.0	245.33333333333334	0.0	60.0	1.0	0.0	0.0	46.0	37.89898855290644	37.89898855290644	1.0	0.0		0.0	19.333333333333332	1.0
1	204604369	G	C	SNP	149.16666666666666	308.1666666666667	0.0	60.0	1.1666666666666667	0.0	0.0	39.166666666666664	23.065125189341593	23.54074481970922	1.0	-1.5198257537444133		0.0	25.0	1.0
1	205172842	C	T	SNP	69.0	68.5	0.25	14.75	1.0	0.0	0.0	11.25	3.5	4.7871355387816905	1.0	0.0		0.0	62.0	0.1142132722
1	205314219	G	T	SNP	137.88235294117646	226.26470588235293	0.0	60.0	1.2647058823529411	0.0	0.0	38.11764705882353	39.292778724506725	36.47313615963224	1.0	-1.471934984816479		0.0	11.970588235294118	1.0
1	205856582	A	T	SNP	142.0	229.5	1.0	21.5	5.25	0.0	0.75	60.5	0.0	17.72004514666935	1.0	-0.4700036292457356		0.0	98.0	0.2669756183
1	205856585	C	T	SNP	142.0	229.5	1.0	21.5	5.25	0.0	0.75	59.0	0.0	17.72004514666935	1.0	-0.4700036292457356		0.0	98.0	0.2669756183
1	206089074	A	G	SNP	143.72413793103448	1000.0	0.10344827586206896	16.103448275862068	1.6551724137931034	0.0	0.0	42.48275862068966	19.028886519381203	25.566295546682074	1.0	0.0		1.0	131.31034482758622	0.2977777333
1	206158071	C	T	SNP	148.83333333333334	256.3333333333333	0.0	25.333333333333332	1.5	0.0	0.0	29.0	18.384776310850235	17.837226989267883	1.0	-1.5198257537444133		1.0	141.66666666666666	0.45833325
1	206167401	A	G	SNP	143.2258064516129	287.5806451612903	0.06451612903225806	20.903225806451612	1.7096774193548387	0.0	0.0	39.45161290322581	40.57789535446422	42.23482739589794	1.0	-3.525082643010398		1.0	132.4516129032258	0.25
1	206484256	C	T	SNP	147.8	245.6	0.0	11.3	1.3	0.0	0.0	46.2	31.839179218901567	32.5610537640019	0.9	0.0		1.0	141.6	0.5
1	206486109	C	T	SNP	147.14285714285714	280.7142857142857	0.07142857142857142	31.071428571428573	3.857142857142857	0.0	0.0	17.285714285714285	17.41541567969893	16.24554038552065	1.0	-0.23505503248176327		1.0	127.07142857142857	0.5
1	206496655	A	C	SNP	149.0	293.875	0.0	20.375	2.125	0.0	0.0	16.0	28.35489375751565	27.784887978899608	1.0	-1.2411123512753928		1.0	140.5	0.5
1	206564382	G	A	SNP	143.52	284.2	0.04	13.72	3.48	0.0	0.0	51.0	27.853784901397752	28.306477468358132	1.0	-1.4717522828151721		1.0	124.84	0.4444443333
1	207068117	G	T	SNP	150.0	287.0	0.0	60.0	1.0	0.0	0.0	33.0	5.656854249492381	5.656854249492381	1.0	0.0		0.0	60.5	0.1930708033
1	207289863	G	A	SNP	149.57142857142858	359.85714285714283	0.0	60.0	4.0	0.0	0.0	35.57142857142857	47.787226824948185	48.225166320777646	1.0	0.0		0.0	56.57142857142857	0.1284446279
1	207405589	G	C	SNP	81.0	81.0	0.0	39.0	1.6666666666666667	0.0	0.0	7.0	3.4641016151377544	3.605551275463989	1.0	-1.3862943611198906		0.0	69.0	0.0199590545
1	207405594	G	A	SNP	84.0	84.0	0.0	39.0	2.0	0.0	0.0	4.0	4.242640687119285	1.4142135623730951	1.0	-0.6931471805599453		0.0	70.0	0.02018661472
1	207581567	G	T	SNP	149.5	217.0	0.0	60.0	1.0	0.0	0.0	55.0	16.97056274847714	17.67766952966369	1.0	0.0		0.0	20.0	1.0
1	207767594	T	C	SNP	148.5	154.5	0.0	42.5	2.5	0.0	0.0	41.5	0.0	0.7071067811865476	1.0	-0.6931471805599453		0.0	133.0	0.05467165287
1	207767601	T	C	SNP	148.5	154.5	0.0	42.5	2.5	0.0	0.0	34.5	0.0	0.7071067811865476	1.0	-0.6931471805599453		0.0	133.0	0.05535251305
1	207906993	C	T	SNP	149.0	251.85714285714286	0.0	14.571428571428571	5.857142857142857	0.0	0.0	24.142857142857142	12.307566391297286	11.725024114098465	1.0	-2.0794415416798357		0.0	117.14285714285714	0.007582751121
1	207907000	A	G	SNP	147.5	226.7	0.0	16.1	5.7	0.0	0.0	25.9	15.545274380195274	13.664227424597085	1.0	-3.8404293522411375		0.0	116.2	0.007123993758
1	208878515	A	G	SNP	143.5	117.25	0.0	36.0	1.75	0.0	0.0	46.25	16.977926846349646	17.03672503740082	1.0	-0.4700036292457356		0.0	130.0	0.0003405329429
1	209039732	A	G	SNP	143.0	184.0	0.0	60.0	1.0	0.0	0.0	44.5	43.1335136523794	33.23401871576773	1.0	0.0		0.0	20.5	1.0
1	209761930	A	G	SNP	128.0	210.0	0.0	60.0	1.0	0.0	0.0	56.0	24.748737341529164	2.1213203435596424	1.0	-0.6931471805599453		0.0	20.0	1.0
1	210163575	G	T	SNP	146.6	233.2	0.2	60.0	2.0	0.0	0.0	14.8	36.22430123549659	40.80686216802267	1.0	-0.9808292530117262		0.0	21.4	1.0
1	210248814	G	A	SNP	103.0	103.0	0.0	26.666666666666668	1.3333333333333333	0.0	0.0	33.666666666666664	10.115993936995679	9.71253485622231	1.0	-1.3862943611198906		0.0	94.66666666666667	0.02807661032
1	210382301	G	T	SNP	138.16666666666666	91.83333333333333	0.5	19.833333333333332	9.333333333333334	0.0	0.3333333333333333	14.333333333333334	8.778762251403478	26.06913884270058	1.0	-0.3746934494414107		0.0	87.83333333333333	0.01982042861
1	210597180	A	C	SNP	149.6	221.4	0.0	60.0	3.6	0.0	0.0	42.8	40.75168708164117	40.61773011875479	1.0	0.0		0.0	43.8	0.3599358846
1	211626823	C	G	SNP	75.0	74.0	0.5	37.0	1.0	0.0	0.0	33.0	1.4142135623730951	0.0	1.0	-0.6931471805599453		0.0	65.0	0.1328931431
1	211626844	T	A	SNP	79.0	79.0	0.0	44.0	2.0	0.0	0.0	8.333333333333334	1.1547005383792517	5.507570547286102	1.0	-1.3862943611198906		0.0	68.0	0.1250302401
1	212903956	G	T	SNP	125.0	170.0	0.0	60.0	1.5	0.0	0.0	9.0	42.42640687119285	7.0710678118654755	1.0	0.0		0.0	21.0	1.0
1	212974004	T	C	SNP	148.75	244.5	0.0	60.0	2.375	0.0	0.0	28.1875	47.99565952597519	47.38336557625823	1.0	-0.788561125513312		0.0	21.5625	1.0
1	213389792	T	C	SNP	139.84615384615384	120.61538461538461	0.0	22.615384615384617	3.230769230769231	0.0	0.0	8.615384615384615	10.444603563072347	18.046947323364904	1.0	-3.7959775896703034		0.0	121.6923076923077	0.00094348745
1	213389864	C	G	SNP	140.78571428571428	129.28571428571428	0.0	19.428571428571427	3.357142857142857	0.0	0.0	60.357142857142854	10.059165630747573	17.84379721082648	1.0	-2.858180652575185		0.0	121.85714285714286	0.0002920269318
1	213389890	C	A	SNP	144.21428571428572	132.71428571428572	0.0	22.285714285714285	3.4285714285714284	0.0	0.0	38.07142857142857	10.159172762030932	13.7363318679629	1.0	-2.858180652575185		0.0	124.64285714285714	0.0002819345116
1	213390294	A	G	SNP	133.5	133.5	0.0	45.0	1.0	0.0	0.0	31.0	7.0710678118654755	7.7781745930520225	1.0	-0.6931471805599453		0.0	123.5	0.001179885643
1	213810053	A	G	SNP	124.5	124.5	0.0	30.0	3.0	0.0	0.0	3.0	0.7071067811865476	0.0	1.0	-0.6931471805599453		1.0	110.5	0.01194813336
1	214235899	G	T	SNP	150.0	219.0	0.0	60.0	1.0	0.0	0.0	16.0	72.16878364870323	72.16878364870323	1.0	-1.3862943611198906		0.0	7.333333333333333	1.0
1	214289037	G	T	SNP	135.8	174.0	0.0	60.0	1.0	0.0	0.0	41.8	21.459263733874934	15.642889758609181	1.0	0.0		0.0	21.0	1.0
1	214656762	T	G	SNP	147.71428571428572	323.0	0.0	50.0	6.285714285714286	0.0	0.0	8.714285714285714	7.745966692414834	5.219012860502955	1.0	-4.1588830833596715		0.7142857142857143	101.57142857142857	0.6666666
1	214781988	A	T	SNP	75.5	72.75	0.5	22.5	1.5	0.0	0.0	19.25	9.0	22.85278976405288	1.0	0.0		1.0	63.25	0.2780702105
1	215533513	C	A	SNP	134.71428571428572	196.28571428571428	0.0	60.0	1.1428571428571428	0.0	0.0	26.0	18.699376103674332	28.44125106082294	1.0	-0.7915872533731978		0.0	18.0	1.0
1	216659697	T	C	SNP	149.0	378.6	0.0	33.8	2.0	0.0	0.0	46.2	29.089517012147176	29.089517012147176	1.0	0.0		0.0	143.4	0.0006478654706
1	216753352	G	T	SNP	150.0	268.5	0.0	60.0	1.0	0.0	0.0	15.0	84.8528137423857	84.8528137423857	1.0	-0.6931471805599453		0.0	19.0	1.0
1	217294494	T	A	SNP	98.0	98.0	0.0	60.0	2.0	0.0	0.0	8.0			1.0	0.0		0.0	44.0	1.0
1	217294498	T	A	SNP	98.0	98.0	0.0	60.0	2.0	0.0	0.0	4.0			1.0	0.0		0.0	44.0	1.0
1	217614539	C	T	SNP	149.08333333333334	1000.0	0.0	20.25	3.0	0.0	0.0	24.75	15.046141154341322	14.48719392700974	1.0	-3.255171133692377		0.0	130.83333333333334	0.04498564565
1	217614566	T	C	SNP	147.42857142857142	1000.0	0.07142857142857142	22.642857142857142	3.0714285714285716	0.0	0.0	46.42857142857143	19.401484026166205	16.03173364039222	1.0	-1.7172156266778515		0.0	128.85714285714286	0.05797121965
1	218803409	G	C	SNP	149.5	173.5	0.5	47.0	5.0	0.0	0.0	39.0	10.606601717798213	9.192388155425117	1.0	-0.6931471805599453		0.0	118.5	0.08298205913
1	219949655	C	G	SNP	131.8	179.6	0.0	13.4	4.6	0.0	0.0	28.2	5.674504383644442	29.10841802640604	1.0	0.0		0.0	112.2	0.00016320333
1	220039207	A	T	SNP	150.0	1000.0	0.0	15.5	1.0	0.0	0.0	44.25	15.063753405664428	15.063753405664428	1.0	-0.4700036292457356		0.0	142.5	0.0005359898333
1	220112912	C	T	SNP	67.0	67.0	0.0	36.5	1.0	0.0	0.0	4.0	4.242640687119285	0.0	1.0	0.0		0.0	59.5	0.08374698918
1	220200594	G	A	SNP	126.75	92.25	0.4166666666666667	23.083333333333332	8.0	0.0	0.0	41.0	14.21986446681351	19.77352837109311	0.8333333333333334	-0.2556485839646051		0.08333333333333333	79.5	0.04763609939
1	220200601	C	T	SNP	126.75	92.25	0.4166666666666667	23.083333333333332	8.0	0.0	0.0	47.5	14.21986446681351	19.77352837109311	0.8333333333333334	-0.2556485839646051		0.08333333333333333	79.5	0.04978017438
1	220257010	C	A	SNP	145.0	145.0	0.0	60.0	1.0	0.0	0.0	8.0			1.0	0.0		0.0	54.0	0.1202940158
1	220270183	T	G	SNP	75.2	75.2	0.0	29.8	1.0	0.0	0.0	25.6	7.536577472566709	4.979959839195493	1.0	0.0		0.0	66.6	0.02733410751
1	220418590	C	T	SNP	116.2	56.2	0.4	17.8	3.6	0.0	0.0	27.4	17.541379649275026	3.6469165057620936	1.0	-2.772588722239781		0.0	81.4	0.06620355368
1	220910985	T	C	SNP	147.66666666666666	223.83333333333334	0.0	60.0	2.0	0.0	0.0	46.5	31.940048006643114	30.301265100102118	1.0	-3.4657359027997265		0.0	76.16666666666667	0.159977543
1	221167378	G	C	SNP	141.21052631578948	37.421052631578945	0.9473684210526315	8.789473684210526	5.2631578947368425	0.0	0.0	54.421052631578945	4.811657384272672	17.159042762870303	0.9473684210526315	-0.43447295284071036		0.0	66.36842105263158	0.1461796686
1	221934718	C	T	SNP	127.0	128.5	0.0	60.0	1.0	0.0	0.0	32.0	60.81118318204309	28.284271247461902	1.0	0.0		0.0	23.0	1.0
1	222649560	A	G	SNP	140.42857142857142	274.2857142857143	0.0	14.571428571428571	1.1428571428571428	0.0	0.0	33.714285714285715	25.104543318652407	20.92617408664952	1.0	0.0		0.0	133.28571428571428	0.07743590667
1	222663603	G	A	SNP	131.75	154.75	0.0	11.625	2.625	0.0	0.0	41.625	28.36370920736567	37.27120681092654	1.0	-0.3194307707663612		0.0	117.875	0.08848409417
1	222782595	A	G	SNP	150.0	167.5	0.0	60.0	1.0	0.0	0.0	53.0	9.899494936611665	9.899494936611665	1.0	-0.6931471805599453		0.0	76.0	0.1181343433
1	223044972	T	G	SNP	133.33333333333334	119.44444444444444	0.0	14.555555555555555	2.6666666666666665	0.0	0.0	37.111111111111114	18.271866656450598	19.873209213522724	1.0	0.0		0.0	117.66666666666667	0.0008612524615
1	223045046	T	C	SNP	136.375	120.75	0.0	16.0	2.875	0.0	0.0	25.25	19.533396310641205	18.896333733595746	1.0	-0.3194307707663612		0.0	119.625	0.0007386305122
1	223200645	A	C	SNP	133.16666666666666	165.33333333333334	0.0	24.666666666666668	1.6666666666666667	0.0	0.0	44.833333333333336	21.00158724160311	20.24598725673806	1.0	0.0		0.0	122.33333333333333	0.008925926863
1	223247690	C	T	SNP	137.2	69.4	0.8	36.8	2.8	0.0	0.0	34.4	0.8944271909999159	5.029910535983716	1.0	0.0		0.0	95.2	0.04947839008
1	223247704	C	T	SNP	137.2	69.4	0.8	36.8	2.8	0.0	0.0	20.4	0.8944271909999159	5.029910535983716	1.0	0.0		0.0	95.2	0.03916869077
1	224109575	C	T	SNP	149.56521739130434	1000.0	0.0	12.217391304347826	3.0434782608695654	0.0	0.2608695652173913	33.95652173913044	49.30232618841562	48.74601432982474	1.0	-5.952444712612415		0.0	136.1304347826087	0.1363637273
1	224203314	C	A	SNP	149.5	444.6666666666667	1.0	13.5	17.166666666666668	0.16666666666666666	0.16666666666666666	25.166666666666668	45.83193937274165	37.53753676876876	1.0	0.0		0.6666666666666666	63.166666666666664	0.3051552833
1	225001648	A	T	SNP	143.82608695652175	91.34782608695652	0.5652173913043478	15.608695652173912	11.73913043478261	0.043478260869565216	0.8695652173913043	45.391304347826086	27.891375974572153	26.929053326165747	1.0	-0.9041821024004713		0.6521739130434783	74.56521739130434	0.1581828981
1	225040459	C	T	SNP	149.0	194.0	0.0	60.0	1.0	0.0	0.0	49.0	0.0	0.0	1.0	-0.6931471805599453		0.0	21.0	1.0
1	225799022	G	T	SNP	140.5	140.5	0.0	60.0	1.5	0.0	0.0	45.5	21.213203435596427	19.091883092036785	1.0	0.0		0.0	46.0	0.07705577395
1	225814746	G	T	SNP	149.0	225.5	0.0	60.0	2.0	0.0	0.0	69.0	5.656854249492381	5.656854249492381	1.0	0.0		0.0	22.0	1.0
1	225844169	G	A	SNP	79.0	79.0	0.0	51.0	5.0	0.0	0.0	3.0	0.0	0.0	1.0	0.0		1.0	54.0	0.05473864282
1	226290147	A	G	SNP	109.0	109.0	0.0	60.0	1.0	0.0	0.0	20.0	21.213203435596427	33.94112549695428	1.0	0.0		0.0	50.5	0.1890624149
1	226368899	G	T	SNP	150.0	193.5	0.0	60.0	1.0	0.0	0.0	36.5	54.44722215136416	54.44722215136416	1.0	0.0		0.0	21.0	1.0
1	227681379	C	T	SNP	130.52631578947367	220.1578947368421	0.0	9.894736842105264	2.6842105263157894	0.0	0.0	39.31578947368421	30.435532481408973	37.3486810558042	1.0	0.0		1.0	118.6842105263158	0.4246376522
1	228038606	T	G	SNP	114.0	93.33333333333333	0.5	17.333333333333332	5.0	0.0	0.0	38.166666666666664	37.38850090602725	8.998147957589198	1.0	0.0		0.0	75.0	0.1006200016
1	228155147	T	C	SNP	138.57142857142858	226.14285714285714	0.0	23.142857142857142	1.8571428571428572	0.0	0.0	39.142857142857146	36.90399384761441	35.060491942328696	1.0	-0.7915872533731978		0.0	129.71428571428572	0.0610420755
1	228172177	G	A	SNP	102.0	102.0	0.0	42.0	1.0	0.0	0.0	9.0	15.556349186104045	9.899494936611665	1.0	0.0		0.0	94.0	0.06248303209
1	228375004	C	G	SNP	66.0	66.0	0.0	60.0	2.0	0.0	0.0	6.0	0.0	0.0	1.0	0.0		0.0	33.0	0.08053482902
1	229085312	T	C	SNP	130.71428571428572	1000.0	0.0	16.428571428571427	4.0	0.0	0.0	28.142857142857142	8.474050024015897	23.11462122306386	1.0	-2.0794415416798357		0.0	107.85714285714286	0.07205521949
1	229085323	A	G	SNP	130.71428571428572	1000.0	0.0	16.428571428571427	4.0	0.0	0.0	39.142857142857146	8.474050024015897	23.11462122306386	1.0	-2.0794415416798357		0.0	107.85714285714286	0.07170669119
1	229497972	G	T	SNP	88.0	88.0	0.0	60.0	1.0	0.0	0.0	19.0	0.0	0.0	1.0	-0.6931471805599453		0.0	39.0	0.1125596904
1	229509266	C	G	SNP	138.77777777777777	340.8888888888889	0.0	60.0	1.7777777777777777	0.0	0.0	39.0	36.223074291273385	34.00367627183861	1.0	0.0		0.0	21.88888888888889	1.0
1	229973065	G	T	SNP	98.83333333333333	82.16666666666667	1.0	41.333333333333336	1.5	0.0	0.0	25.666666666666668	0.0	8.01040989379861	1.0	-0.3746934494414107		0.0	70.0	0.02922145306
1	230310247	A	C	SNP	149.5	365.25	0.25	60.0	2.5	0.0	0.0	41.5	47.84959073318531	43.97347685442518	1.0	-2.0794415416798357		0.0	20.75	1.0
1	230686908	T	G	SNP	148.125	155.25	0.0	37.375	11.5	1.0	1.0	9.5	4.405759217854998	2.7774602993176543	1.0	-4.852030263919617		0.0	91.0	0.03756141982
1	230751707	C	T	SNP	132.33333333333334	205.66666666666666	0.0	60.0	1.0	0.0	0.0	48.0	37.44774136491189	24.006943440041116	1.0	0.0		0.0	12.666666666666666	1.0
1	230982660	T	A	SNP	144.33333333333334	173.5	0.16666666666666666	31.666666666666668	2.3333333333333335	0.0	0.0	56.5	20.213032099778268	21.078424988599124	1.0	0.0		0.0	126.66666666666667	0.02351278186
