chrm	pos	ref_allele	alt_allele	result	prob_artifact
1	201206823	G	A	ARTIFACT	0.9729175263160109
1	201209319	T	C	ARTIFACT	0.9906226930376882
1	201226655	T	C	SKIP	
1	201441989	G	C	PASS	0.01783867325747368
1	201942192	C	G	PASS	0.48042859373211555
1	202014316	G	A	ARTIFACT	0.9894647097138682
1	203844089	G	T	ARTIFACT	0.997579372392404
1	203994039	C	A	PASS	0.01078797299659806
1	204180707	T	A	ARTIFACT	0.5259845273535331
1	204604369	G	C	PASS	0.018254634525863067
1	205172842	C	T	ARTIFACT	0.9983898968333412
1	205314219	G	T	PASS	0.005409621172519419
1	205856582	A	T	ARTIFACT	0.977496741920462
1	205856585	C	T	ARTIFACT	0.977496741920462
1	206089074	A	G	ARTIFACT	0.8492625503737659
1	206158071	C	T	ARTIFACT	0.8851276838539404
1	206167401	A	G	ARTIFACT	0.5640389650527731
1	206484256	C	T	ARTIFACT	0.6539460427248311
1	206486109	C	T	ARTIFACT	0.916026466960944
1	206496655	A	C	ARTIFACT	0.9077276625040896
1	206564382	G	A	ARTIFACT	0.8073517161647414
1	207068117	G	T	ARTIFACT	0.9893161828330145
1	207289863	G	A	PASS	0.1537162028572736
1	207405589	G	C	ARTIFACT	0.9990105218380787
1	207405594	G	A	ARTIFACT	0.9990664123266938
1	207581567	G	T	ARTIFACT	0.9637837511718136
1	207767594	T	C	ARTIFACT	0.9986743425625185
1	207767601	T	C	ARTIFACT	0.9988642458020333
1	207906993	C	T	ARTIFACT	0.9384722602531343
1	207907000	A	G	ARTIFACT	0.9334628268737121
1	208878515	A	G	ARTIFACT	0.9920810528879169
1	209039732	A	G	ARTIFACT	0.636812493950514
1	209761930	A	G	ARTIFACT	0.9470576306308333
1	210163575	G	T	PASS	0.3424440997763717
1	210248814	G	A	ARTIFACT	0.9950188050662516
1	210382301	G	T	ARTIFACT	0.9866513833928342
1	210597180	A	C	PASS	0.3725765713989637
1	211626823	C	G	ARTIFACT	0.9964624288261172
1	211626844	T	A	ARTIFACT	0.9984969293898268
1	212903956	G	T	ARTIFACT	0.9821792682169027
1	212974004	T	C	PASS	0.02242521073645032
1	213389792	T	C	ARTIFACT	0.9913776203317407
1	213389864	C	G	ARTIFACT	0.9829601552237728
1	213389890	C	A	ARTIFACT	0.9664409496164088
1	213390294	A	G	ARTIFACT	0.9861367055172428
1	213810053	A	G	ARTIFACT	0.9974084497004113
1	214235899	G	T	ARTIFACT	0.9031192583657025
1	214289037	G	T	ARTIFACT	0.8257103485453927
1	214656762	T	G	ARTIFACT	0.9498933534593665
1	214781988	A	T	ARTIFACT	0.9977245863540588
1	215533513	C	A	PASS	0.4347423685945774
1	216659697	T	C	ARTIFACT	0.7136368089417561
1	216753352	G	T	ARTIFACT	0.8501596291757255
1	217294494	T	A	SKIP	
1	217294498	T	A	SKIP	
1	217614539	C	T	ARTIFACT	0.7695286702320769
1	217614566	T	C	ARTIFACT	0.5832107042356699
1	218803409	G	C	ARTIFACT	0.984275983409504
1	219949655	C	G	ARTIFACT	0.9829473222742717
1	220039207	A	T	ARTIFACT	0.8778575201851266
1	220112912	C	T	ARTIFACT	0.998877707184716
1	220200594	G	A	ARTIFACT	0.984190430356931
1	220200601	C	T	ARTIFACT	0.9596153380068718
1	220257010	C	A	SKIP	
1	220270183	T	G	ARTIFACT	0.9986275401502385
1	220418590	C	T	ARTIFACT	0.9745334107460487
1	220910985	T	C	PASS	0.05588446296181271
1	221167378	G	C	ARTIFACT	0.9215181245243892
1	221934718	C	T	ARTIFACT	0.6141351936231043
1	222649560	A	G	ARTIFACT	0.8727590492051722
1	222663603	G	A	ARTIFACT	0.9738466839836412
1	222782595	A	G	ARTIFACT	0.9943380570085766
1	223044972	T	G	ARTIFACT	0.9853870835554525
1	223045046	T	C	ARTIFACT	0.9880836805385979
1	223200645	A	C	ARTIFACT	0.9903310661614964
1	223247690	C	T	ARTIFACT	0.9964087996201341
1	223247704	C	T	ARTIFACT	0.9967834361948607
1	224109575	C	T	ARTIFACT	0.6232325186103918
1	224203314	C	A	PASS	0.48554755182943987
1	225001648	A	T	ARTIFACT	0.7637001272346168
1	225040459	C	T	ARTIFACT	0.9907707468192003
1	225799022	G	T	ARTIFACT	0.8695995733837705
1	225814746	G	T	ARTIFACT	0.9965629335945899
1	225844169	G	A	ARTIFACT	0.9984703915332784
1	226290147	A	G	ARTIFACT	0.8556750558531635
1	226368899	G	T	ARTIFACT	0.8391272663902583
1	227681379	C	T	ARTIFACT	0.8482184050988293
1	228038606	T	G	ARTIFACT	0.9845258056875928
1	228155147	T	C	ARTIFACT	0.9344019207948173
1	228172177	G	A	ARTIFACT	0.9956574547536592
1	228375004	C	G	ARTIFACT	0.9985334674057469
1	229085312	T	C	ARTIFACT	0.9371747821359029
1	229085323	A	G	ARTIFACT	0.9484171037000283
1	229497972	G	T	ARTIFACT	0.9979930087756361
1	229509266	C	G	PASS	0.015693514695434896
1	229973065	G	T	ARTIFACT	0.9977725551978942
1	230310247	A	C	PASS	0.012242304759335854
1	230686908	T	G	ARTIFACT	0.601839685248506
1	230751707	C	T	ARTIFACT	0.5534382332100548
1	230982660	T	A	ARTIFACT	0.990913350900665
